brand_model,range,efficiency,weight,acceleration,one_15_min_Stop_Range,battery_Capacity,fast_charge,towing_capacity,cargo_volume,price_per_range,Germany info,Germany price,netherlands info,netherlands price,united_kingdom info,united_kingdom price
firefly firefly,,,,,,,,,,,This vehicle is not (yet) available for purchase in this country.,N/A,This vehicle is available for purchase in this country. Local starting price including VAT is shown.,"€29,900",This vehicle is not (yet) available for purchase in this country.,N/A
Tesla Model 3 RWD,,,,,,,,,,,This vehicle is discontinued in this country. The last known local price including VAT is shown.,"€37,970",This vehicle is discontinued in this country. The last known local price including VAT is shown.,"€36,990",This vehicle is available for purchase in this country. Local starting price including VAT is shown.,"£37,990"
BMW i3 50 xDrive,,,,,,,,,,,This vehicle is available for purchase in this country. Local starting price including VAT is shown.,"€65,900",This vehicle is available for purchase in this country. Local starting price including VAT is shown.,"€63,301",This vehicle is available for purchase in this country. Local starting price including VAT is shown.,"£53,425"
Fiat 500e Hatchback 42 kWh,,,,,,,,,,,This vehicle is available for purchase in this country. Local starting price including VAT is shown.,"€34,990",This vehicle is available for purchase in this country. Local starting price including VAT is shown.,"€27,999",This vehicle is available for purchase in this country. Local starting price including VAT is shown.,"£20,245"
XPENG L03 RWD Long Range,,,,,,,,,,,This vehicle is available for purchase in this country. Local starting price including VAT is shown.,"€38,600",This vehicle is available for purchase in this country. Local starting price including VAT is shown.,"€39,990",This vehicle is not (yet) available for purchase in this country.,N/A
BMW iX3 50 xDrive,,,,,,,,,,,This vehicle is available for purchase in this country. Local starting price including VAT is shown.,"€70,900",This vehicle is available for purchase in this country. Local starting price including VAT is shown.,"€70,979",This vehicle is available for purchase in this country. Local starting price including VAT is shown.,"£58,755"
Renault Megane E-Tech 67 kWh 220hp,,,,,,,,,,,This vehicle is available for purchase in this country. Local starting price including VAT is shown.,"€34,990",This vehicle will be available soon in this country. The local price can still change.,"* €35,000",This vehicle is not (yet) available for purchase in this country.,N/A
Mercedes-Benz CLA 250+,,,,,,,,,,,This vehicle is available for purchase in this country. Local starting price including VAT is shown.,"€55,728",This vehicle is available for purchase in this country. Local starting price including VAT is shown.,"€53,554",This vehicle is available for purchase in this country. Local starting price including VAT is shown.,"£43,250"
Kia EV3 Long Range,,,,,,,,,,,This vehicle is discontinued in this country. The last known local price including VAT is shown.,"€41,390",This vehicle is discontinued in this country. The last known local price including VAT is shown.,"€41,495",This vehicle is available for purchase in this country. Local starting price including VAT is shown.,"£34,555"
Leapmotor B05 67.1 kWh,,,,,,,,,,,This vehicle is available for purchase in this country. Local starting price including VAT is shown.,"€31,900",This vehicle is available for purchase in this country. Local starting price including VAT is shown.,"€28,995",This vehicle is available for purchase in this country. Local starting price including VAT is shown.,"£30,495"
